{
    "0.50": [
        -1.059904487806542,
        -0.44883322086293886,
        -0.5031853783586071,
        -0.5013499518027291,
        -0.44664300390489653,
        0.4378507581800303
    ],
    "0.60": [
        -1.1613583442312556,
        -0.5496642346833522,
        -0.6086970963245795,
        -0.6195142902354009,
        -0.5566019684049945,
        0.21908384125856584
    ],
    "0.70": [
        -1.158514434142278,
        -0.6156131714566401,
        -0.683452714288883,
        -0.6981661083506391,
        -0.6213154400225568,
        0.054871245921159995
    ],
    "0.80": [
        -1.1572420546924835,
        -0.6553316092330158,
        -0.7529433012843588,
        -0.7633157597962993,
        -0.6655215439716468,
        -0.06749361592168768
    ],
    "0.90": [
        -1.1384908614110212,
        -0.7084459314810726,
        -0.8045028384816043,
        -0.8002495186992874,
        -0.6950858031308985,
        -0.18853197269325972
    ],
    "1.00": [
        -1.1250874323937523,
        -0.7304020626390841,
        -0.8328310565430843,
        -0.8351965122688156,
        -0.7330920322410286,
        -0.2916473287724529
    ],
    "1.10": [
        -1.0986757943390457,
        -0.7575633727928245,
        -0.8671632037420524,
        -0.87124693508582,
        -0.743348479152894,
        -0.3612327298022314
    ],
    "1.20": [
        -1.0562204357113472,
        -0.771019317362243,
        -0.8840633753765159,
        -0.8974251620124223,
        -0.7804902114172723,
        -0.4385924433021744
    ],
    "1.30": [
        -1.0482240164419467,
        -0.7803846922415041,
        -0.9012198525816548,
        -0.9118096197398096,
        -0.7748752603638389,
        -0.4920626704039199
    ],
    "1.40": [
        -1.0224602078090268,
        -0.7892710799752229,
        -0.9285704953469585,
        -0.9092699997975053,
        -0.7916407637283318,
        -0.5301512025577588
    ],
    "1.50": [
        -1.0034240286062093,
        -0.7971474174854342,
        -0.9342567725175636,
        -0.9360792239222374,
        -0.7939703316283736,
        -0.5685441082953507
    ],
    "1.60": [
        -0.9789217426454908,
        -0.8045626758372171,
        -0.9511673167446173,
        -0.9348334219752339,
        -0.802481464659345,
        -0.598468640224717
    ],
    "1.70": [
        -0.9733010788517495,
        -0.8104895524833617,
        -0.9509997529597221,
        -0.9508733049677212,
        -0.8101036832380424,
        -0.6240899837533485
    ],
    "1.80": [
        -0.9384261173246193,
        -0.810247721854223,
        -0.9675318248614453,
        -0.9615780160952723,
        -0.8033041461347685,
        -0.6543928174743607
    ],
    "1.90": [
        -0.9467255652057853,
        -0.7824990222943953,
        -0.9675746993300061,
        -0.9697811045067608,
        -0.7849377671430953,
        -0.7104255562306991
    ],
    "2.00": [
        -0.9543540440131871,
        -0.7606444016676767,
        -0.9653594511769378,
        -0.969284383970492,
        -0.7641464785770243,
        -0.7514936749101963
    ],
    "2.10": [
        -0.8959370149102382,
        -0.8015942139329436,
        -0.9737590299096516,
        -0.964926994338316,
        -0.801007540726507,
        -0.6978711380329845
    ],
    "2.20": [
        -0.8764181411641965,
        -0.8087167906003672,
        -0.9718363265512191,
        -0.9721412490376056,
        -0.8137695359801247,
        -0.7163129712530676
    ],
    "2.30": [
        -0.8905732141128873,
        -0.7986843892493751,
        -0.9683532394069494,
        -0.9813354101566822,
        -0.7844389487629047,
        -0.7478599009149846
    ],
    "2.40": [
        -0.8683947973605821,
        -0.799580127016714,
        -0.9739625163742962,
        -0.9720011606905057,
        -0.8114701322259521,
        -0.733137964031243
    ]
}