{
    "0.50": [
        -1.0551597944706252,
        -0.07074011442044559,
        0.2670003409590247,
        1.30148574734635
    ],
    "0.60": [
        -1.11628600686954,
        -0.3109600922554161,
        0.03650119523590112,
        0.8900846686795976
    ],
    "0.70": [
        -1.136189454065922,
        -0.4784530558397323,
        -0.12045190371691883,
        0.5833141032165801
    ],
    "0.80": [
        -1.1341476666770962,
        -0.5971778019737544,
        -0.2279242348616315,
        0.3522845696690054
    ],
    "0.90": [
        -1.120560281299987,
        -0.6828493923576948,
        -0.30170600483916366,
        0.17588131737182788
    ],
    "1.00": [
        -1.1011503302326178,
        -0.745871793035567,
        -0.3522906260646257,
        0.039047631365090874
    ],
    "1.10": [
        -1.0791929449690745,
        -0.7929596974852986,
        -0.3865152442439981,
        -0.0683012965085189
    ],
    "1.20": [
        -1.0567407463052576,
        -0.8284433465108118,
        -0.4088604092659208,
        -0.15271435975348768
    ],
    "1.30": [
        -1.0351862664342548,
        -0.8552369407554917,
        -0.4224020215079965,
        -0.21860355327353215
    ],
    "1.40": [
        -1.015468249288245,
        -0.8754279389779089,
        -0.42938376082847857,
        -0.2692213050519718
    ],
    "1.50": [
        -0.9981493534714089,
        -0.8905847813999228,
        -0.431512909280518,
        -0.3071925041689171
    ],
    "1.60": [
        -0.9834727290331737,
        -0.9019118195514702,
        -0.43010924875445417,
        -0.33475718162565377
    ],
    "1.70": [
        -0.9714266884583407,
        -0.9103374333238837,
        -0.42619175628566425,
        -0.3538702186855672
    ],
    "1.80": [
        -0.9618169527925808,
        -0.916574906476059,
        -0.4205409195169801,
        -0.366240176705436
    ],
    "1.90": [
        -0.9543388539987274,
        -0.9211697333422302,
        -0.4137488777170014,
        -0.37334368172264076
    ],
    "2.00": [
        -0.9486411121761863,
        -0.9245373192021826,
        -0.4062603694400696,
        -0.3764321607694818
    ],
    "2.10": [
        -0.9443746811197428,
        -0.9269926920046387,
        -0.3984055598455136,
        -0.3765403566861929
    ],
    "2.20": [
        -0.9412240336932622,
        -0.9287736349933784,
        -0.3904259231164073,
        -0.37450130558164735
    ],
    "2.30": [
        -0.9389223859872744,
        -0.9300586385195293,
        -0.3824945302362057,
        -0.3709682260525604
    ],
    "2.40": [
        -0.9372549530096295,
        -0.9309808720998458,
        -0.3747319858022553,
        -0.36644093567009817
    ]
}