{
    "0.50": [
        -1.0556667166602096,
        -0.06564781864872571,
        -0.06956646633800223,
        -0.07123828159213064,
        0.26141011690927174,
        1.3020469208300918
    ],
    "0.60": [
        -1.116062103165927,
        -0.3084379391381227,
        -0.311229374753222,
        -0.3104649599207405,
        0.03844207297054236,
        0.8903109006404304
    ],
    "0.70": [
        -1.1336825302843812,
        -0.47732919271824625,
        -0.47810400471641257,
        -0.478712606675021,
        -0.1213239087642517,
        0.5773437230763354
    ],
    "0.80": [
        -1.1332549757444093,
        -0.5971596353360668,
        -0.5968270110849981,
        -0.597667062950178,
        -0.23146531153803507,
        0.35193982222310105
    ],
    "0.90": [
        -1.1172550193885984,
        -0.6795058768991163,
        -0.681381990315748,
        -0.682344377369232,
        -0.3049215796737158,
        0.17397050061149932
    ],
    "1.00": [
        -1.101285012011845,
        -0.7438604913770279,
        -0.7461866579691423,
        -0.7448976796473128,
        -0.361161904294388,
        0.03755784470055745
    ],
    "1.10": [
        -1.075618870615275,
        -0.7949782809944023,
        -0.7942908030696617,
        -0.7940774197317099,
        -0.3796403991785934,
        -0.07717143308949992
    ],
    "1.20": [
        -1.0550555680143763,
        -0.8266286432903489,
        -0.8294188768399056,
        -0.8290202730495224,
        -0.40579520444189243,
        -0.15545521754094582
    ],
    "1.30": [
        -1.0314289616063683,
        -0.8550318846386535,
        -0.8566328333700635,
        -0.8557563426585875,
        -0.4277697435299081,
        -0.22024948875783296
    ],
    "1.40": [
        -1.0130031315701296,
        -0.8710166262720855,
        -0.8771563601682382,
        -0.8764426894831991,
        -0.429497965536714,
        -0.27139075761020154
    ],
    "1.50": [
        -0.9975807365688915,
        -0.8933704435168964,
        -0.8916750770962057,
        -0.8920423345939016,
        -0.43243280971917486,
        -0.3115793142361786
    ],
    "1.60": [
        -0.9817320482852627,
        -0.9043214716912777,
        -0.9035041532279104,
        -0.9024779826364269,
        -0.42771491038283055,
        -0.3387867043239969
    ],
    "1.70": [
        -0.9691505507656133,
        -0.9119722294511177,
        -0.909490178389067,
        -0.9108578899267001,
        -0.42302055224574414,
        -0.35488163114110455
    ],
    "1.80": [
        -0.9581882317364054,
        -0.9205092011416263,
        -0.9161036741884483,
        -0.914677576475941,
        -0.41692786745050875,
        -0.36963661236738016
    ],
    "1.90": [
        -0.9539609234989506,
        -0.9216405323350341,
        -0.9207130545721669,
        -0.9180110385159626,
        -0.41470388852414675,
        -0.3732329806365938
    ],
    "2.00": [
        -0.9437534698603983,
        -0.9254071499527304,
        -0.9258070977290992,
        -0.9252629069318489,
        -0.4045641261072649,
        -0.38299194496024447
    ],
    "2.10": [
        -0.9386783382352227,
        -0.9309312827797666,
        -0.9273891323537592,
        -0.9251954957552987,
        -0.3951258477396564,
        -0.38060005806333874
    ],
    "2.20": [
        -0.9384883302561053,
        -0.9266983274113296,
        -0.9288005523789715,
        -0.9299310825739135,
        -0.39054073559181895,
        -0.3749263080638046
    ],
    "2.30": [
        -0.9377782589939585,
        -0.9310630767452808,
        -0.9279778949080533,
        -0.9294836962058322,
        -0.38176883869519007,
        -0.3723235026912851
    ],
    "2.40": [
        -0.9336229730818886,
        -0.9319622555263289,
        -0.9319264952065511,
        -0.9331780552007205,
        -0.3704934435984928,
        -0.3701067069710833
    ]
}