{
    "0.50": [
        -1.052569326952909,
        -0.07229372051519145,
        0.09632326693040372,
        1.3013498835958606
    ],
    "0.60": [
        -1.1154775654976905,
        -0.311463911122279,
        -0.136907740344949,
        0.8888209831395196
    ],
    "0.70": [
        -1.1357918139464322,
        -0.4787305067326274,
        -0.29973015020736404,
        0.5830970820785617
    ],
    "0.80": [
        -1.1344131526237926,
        -0.5978793837512674,
        -0.4137937363636631,
        0.3517175544406204
    ],
    "0.90": [
        -1.1191785246074266,
        -0.684736052125911,
        -0.49254882029238034,
        0.1747521675266659
    ],
    "1.00": [
        -1.1003365861033243,
        -0.7466983134862046,
        -0.5481337976827247,
        0.0384397717502456
    ],
    "1.10": [
        -1.0769403903570391,
        -0.793498236385841,
        -0.5923709119365247,
        -0.07243481244778882
    ],
    "1.20": [
        -1.0558934118493304,
        -0.8281181697344464,
        -0.6193569786113406,
        -0.1544697191489951
    ],
    "1.30": [
        -1.0338777586246546,
        -0.8555615669449261,
        -0.639865343253667,
        -0.2202698305792728
    ],
    "1.40": [
        -1.0151075583434412,
        -0.8735880067430428,
        -0.6515630936028662,
        -0.27087345281948644
    ],
    "1.50": [
        -0.9979336458190945,
        -0.8911127140528593,
        -0.6581727557944942,
        -0.30638278436716304
    ],
    "1.60": [
        -0.9839483926288295,
        -0.9013220663379742,
        -0.6666747882209232,
        -0.3351725790819789
    ],
    "1.70": [
        -0.971333769793916,
        -0.9121771868966293,
        -0.6685394669217655,
        -0.3559427088380845
    ],
    "1.80": [
        -0.9595169104216978,
        -0.917343759155846,
        -0.6612796196220561,
        -0.3877331860629885
    ],
    "1.90": [
        -0.9539658845391052,
        -0.9219942922326203,
        -0.6642824712916154,
        -0.3780739553609336
    ],
    "2.00": [
        -0.9455065231086798,
        -0.9246021038209024,
        -0.6652710050045132,
        -0.3793354203435856
    ],
    "2.10": [
        -0.944396973268908,
        -0.9254994333562904,
        -0.6632526658305381,
        -0.37703204630876697
    ],
    "2.20": [
        -0.940043701354917,
        -0.9294465696332241,
        -0.6446731320232908,
        -0.41467304675625044
    ],
    "2.30": [
        -0.9387544900466784,
        -0.9300038821087013,
        -0.6546717713723796,
        -0.37457325685235154
    ],
    "2.40": [
        -0.9375611138912432,
        -0.9307166538788538,
        -0.6541383586582403,
        -0.3672758691084572
    ]
}