{
    "0.40": [
        -0.9305279502146808,
        -0.2589466536625795,
        -0.3126226888566812,
        -0.3109258406036064,
        -0.26689536606313835,
        0.7348609840717779
    ],
    "0.50": [
        -1.0623538981044123,
        -0.4559452931577661,
        -0.5001270442049546,
        -0.5073367333828454,
        -0.4390352252148826,
        0.4405476041606544
    ],
    "0.60": [
        -1.1459316611189385,
        -0.5365284279873004,
        -0.5806712377172762,
        -0.6221337937071958,
        -0.5351899314149844,
        0.24012515206766116
    ],
    "0.70": [
        -1.174608260587461,
        -0.6416135511844098,
        -0.6804044866163491,
        -0.701690941221435,
        -0.6286825514560576,
        0.07334334302747347
    ],
    "0.80": [
        -1.1678196336222664,
        -0.6447771244404116,
        -0.7510494093685224,
        -0.7335452177502017,
        -0.6630750086942406,
        -0.038295941964492264
    ],
    "0.90": [
        -1.1390280110102733,
        -0.6836864278612437,
        -0.7935854515734185,
        -0.7821241602898165,
        -0.706860566313103,
        -0.17048804529655948
    ],
    "1.00": [
        -1.1224650436664534,
        -0.7255732125652725,
        -0.8456110960680896,
        -0.8426572642985972,
        -0.7334574568416572,
        -0.2795089050174093
    ],
    "1.10": [
        -1.10786624011015,
        -0.7448652309481237,
        -0.8499060072681971,
        -0.8661523475188252,
        -0.7438285365234408,
        -0.35201152101642486
    ],
    "1.20": [
        -1.0718700137905657,
        -0.7742951562102647,
        -0.8827566479036393,
        -0.8960670481058874,
        -0.7573133308441682,
        -0.4218830476236646
    ],
    "1.30": [
        -1.0339406087197403,
        -0.7750429565119019,
        -0.9098858574414046,
        -0.9102228973892574,
        -0.7761488884314094,
        -0.4848501673930173
    ],
    "1.40": [
        -1.0141535837231832,
        -0.7892493138998264,
        -0.9114580512292272,
        -0.9262068987696184,
        -0.7805638422340593,
        -0.5183024857011727
    ],
    "1.50": [
        -1.0069239033824393,
        -0.8004170187081803,
        -0.9424703426876677,
        -0.9417227069998451,
        -0.8031945974274455,
        -0.5682208720745936
    ],
    "1.60": [
        -0.9820746771364199,
        -0.7964892960286827,
        -0.8769402689008763,
        -0.9278982517116103,
        -0.744348696476026,
        -0.5173884696506035
    ],
    "1.70": [
        -0.9656251413728161,
        -0.8032523835241896,
        -0.9561397560531921,
        -0.9567975884595841,
        -0.8100291042147536,
        -0.6357875937061779
    ],
    "1.80": [
        -0.9540211537390881,
        -0.8131003949941604,
        -0.948267790858816,
        -0.9634986614852976,
        -0.8111503409944667,
        -0.647443099078709
    ],
    "1.90": [
        -0.9422037577842104,
        -0.8131830928136878,
        -0.9528045805692975,
        -0.9629159202719604,
        -0.8032604284272693,
        -0.6574858961345319
    ],
    "2.00": [
        -0.9189442496859749,
        -0.8052809296721043,
        -0.9704020834971113,
        -0.9663293724767553,
        -0.8148496562980815,
        -0.6845091353228743
    ],
    "2.10": [
        -0.9120100019122191,
        -0.8091126354827188,
        -0.9748380621470109,
        -0.9700641082951676,
        -0.8079541558230431,
        -0.6950050326687706
    ],
    "2.20": [
        -0.8959938779448315,
        -0.7947600116502946,
        -0.9782985090095206,
        -0.9556788613089562,
        -0.8113564528606618,
        -0.7100739732421442
    ],
    "2.30": [
        -0.8899123574509825,
        -0.8057519264434289,
        -0.976241695466744,
        -0.9666211751649555,
        -0.8105580830233207,
        -0.7122094296797324
    ]
}