{
    "0.50": [
        -1.0551597944706248,
        -0.07074011442044559,
        0.2670003409590248,
        1.30148574734635
    ],
    "0.60": [
        -1.1162860068695404,
        -0.3109600922554161,
        0.03650119523590112,
        0.8900846686795976
    ],
    "0.70": [
        -1.1361894540659225,
        -0.4784530558397323,
        -0.12045190371691883,
        0.5833141032165801
    ],
    "0.80": [
        -1.1341476666770962,
        -0.5971778019737544,
        -0.22792423486163182,
        0.35228456966900473
    ],
    "0.90": [
        -1.1205602812999875,
        -0.6828493923576948,
        -0.301706004839164,
        0.17588131737182738
    ],
    "1.00": [
        -1.1011503302326189,
        -0.745871793035567,
        -0.3522906260646266,
        0.039047631365089874
    ],
    "1.10": [
        -1.079192944969075,
        -0.7929596974852986,
        -0.38651524424399863,
        -0.06830129650851946
    ],
    "1.20": [
        -1.0567407463052578,
        -0.8284433465108118,
        -0.40886040926592027,
        -0.15271435975348746
    ],
    "1.30": [
        -1.0351862664342542,
        -0.8552369407554917,
        -0.4224020215079963,
        -0.2186035532735317
    ],
    "1.40": [
        -1.0154682492882454,
        -0.8754279389779089,
        -0.4293837608284789,
        -0.269221305051972
    ],
    "1.50": [
        -0.9981493534714104,
        -0.8905847813999228,
        -0.4315129092805189,
        -0.3071925041689181
    ],
    "1.60": [
        -0.9834727290331737,
        -0.9019118195514702,
        -0.4301092487544537,
        -0.33475718162565354
    ],
    "1.70": [
        -0.9714266884583411,
        -0.9103374333238837,
        -0.4261917562856646,
        -0.3538702186855675
    ],
    "1.80": [
        -0.9618169527925808,
        -0.916574906476059,
        -0.4205409195169801,
        -0.36624017670543624
    ],
    "1.90": [
        -0.9543388539987283,
        -0.9211697333422302,
        -0.4137488777170014,
        -0.3733436817226413
    ],
    "2.00": [
        -0.9486411121761856,
        -0.9245373192021826,
        -0.40626036944006916,
        -0.37643216076948127
    ],
    "2.10": [
        -0.9443746811197428,
        -0.9269926920046387,
        -0.39840555984551396,
        -0.3765403566861931
    ],
    "2.20": [
        -0.9412240336932627,
        -0.9287736349933784,
        -0.3904259231164077,
        -0.37450130558164757
    ],
    "2.30": [
        -0.9389223859872744,
        -0.9300586385195293,
        -0.3824945302362057,
        -0.37096822605256063
    ],
    "2.40": [
        -0.937254953009629,
        -0.9309808720998458,
        -0.3747319858022551,
        -0.3664409356700977
    ]
}