{
    "0.50": [
        -1.0503438316288294,
        0.26714512865230566,
        -0.07106941136444078,
        -0.07074011442044603,
        -0.06171329983751006,
        1.3014186870854192
    ],
    "0.60": [
        -1.114863199180708,
        0.02976149050197785,
        -0.311993789585703,
        -0.3110382710451016,
        -0.3060037030877254,
        0.8906086845746861
    ],
    "0.70": [
        -1.1355455676805146,
        -0.46774506946783967,
        -0.4778444538811234,
        -0.4748193441456857,
        -0.12878338554473812,
        0.5798776518948341
    ],
    "0.80": [
        -1.1342184954531498,
        -0.22505579173985846,
        -0.5981840179441352,
        -0.5967162350148644,
        -0.5958831902659288,
        0.35132724627571654
    ],
    "0.90": [
        -1.120352909677353,
        -0.29832987018061663,
        -0.6837164935642991,
        -0.6810484898516694,
        -0.6827439929516267,
        0.1759020162746831
    ],
    "1.00": [
        -1.0993132159822776,
        -0.7450383526533251,
        -0.7450157539974036,
        -0.7454880513977693,
        -0.3523351111240546,
        0.03488334615180033
    ],
    "1.10": [
        -1.0783791466110237,
        -0.40788402521501166,
        -0.7909681196644142,
        -0.7929698585966277,
        -0.7700120437897943,
        -0.0699737803468321
    ],
    "1.20": [
        -1.056486537950863,
        -0.8216018747167211,
        -0.830834969253107,
        -0.8285272630982596,
        -0.4162453205329073,
        -0.15171195305918528
    ],
    "1.30": [
        -1.0327018217497241,
        -0.8544889493304229,
        -0.8553235077393402,
        -0.8550097024228855,
        -0.4205269604905008,
        -0.22103798417987813
    ],
    "1.40": [
        -1.0151255183272319,
        -0.8745547936144524,
        -0.874045202025646,
        -0.8770671513326085,
        -0.4292518902486347,
        -0.2703790146989376
    ],
    "1.50": [
        -0.9969210427635481,
        -0.8853139622859575,
        -0.890642165383937,
        -0.8908717013199973,
        -0.43716600179649323,
        -0.3089364492522132
    ],
    "1.60": [
        -0.9006280045866024,
        -0.984394051549293,
        -0.9018646392943908,
        -0.901699508394612,
        -0.33323616369041803,
        -0.4298878312128666
    ],
    "1.70": [
        -0.44427843178379817,
        -0.908830704053422,
        -0.909550696598697,
        -0.9091754836989923,
        -0.42615253158046923,
        -0.8843290939360295
    ],
    "1.80": [
        -0.9511396495784394,
        -0.7722142838102624,
        -0.9176909829467172,
        -0.9176785820970434,
        -0.5439638163873357,
        -0.3967548090523764
    ],
    "1.90": [
        -0.6746069139037508,
        -0.6344530658721175,
        -0.9223368013101676,
        -0.9221465184893081,
        -0.6880837261443701,
        -0.6677783027425073
    ],
    "2.00": [
        -0.9240889487444485,
        -0.9481626145341889,
        -0.9253147346268252,
        -0.9233193683702411,
        -0.3777438997607627,
        -0.40701231642029956
    ],
    "2.10": [
        -0.5517184916744875,
        -0.9024698242468044,
        -0.9254597893213782,
        -0.9267944718300801,
        -0.47355289542448453,
        -0.71056154919182
    ],
    "2.20": [
        -0.9240913044062617,
        -0.7695861377235484,
        -0.9291908544700824,
        -0.9288409284573629,
        -0.41372949999353387,
        -0.5283685932558615
    ],
    "2.30": [
        -0.9377920754229259,
        -0.39509115165866626,
        -0.9312222122496314,
        -0.9288539974813061,
        -0.9180587134247864,
        -0.37126246350821623
    ],
    "2.40": [
        -0.9338865795443074,
        -0.415956324278963,
        -0.9307861849896413,
        -0.9307722787674837,
        -0.8924510985316527,
        -0.3667502165307658
    ]
}