{
    "0.50": [
        -1.0424643333228725,
        -0.06971000603153854,
        0.09879715066866446,
        1.2881739098675302
    ],
    "0.60": [
        -1.1008068405767728,
        -0.3089361302557794,
        -0.13673431617508247,
        0.8739540124727829
    ],
    "0.70": [
        -1.1181724376401614,
        -0.4790437577407348,
        -0.2978146245073633,
        0.5664426904776128
    ],
    "0.80": [
        -1.1099734202547036,
        -0.5971408766170433,
        -0.41218176485058067,
        0.3317290082043114
    ],
    "0.90": [
        -1.0921331984678808,
        -0.6848980380656066,
        -0.4918679694568474,
        0.1492456084610556
    ],
    "1.00": [
        -1.0645244851208762,
        -0.7447796052972211,
        -0.5471821804194605,
        0.005314607830587459
    ],
    "1.10": [
        -1.036223880577917,
        -0.7930105030419515,
        -0.5894021541907227,
        -0.11056924421783398
    ],
    "1.20": [
        -1.0049493629670223,
        -0.8256636095515639,
        -0.6186308987415035,
        -0.2043798682105482
    ],
    "1.30": [
        -0.9719852449875335,
        -0.8549772398039419,
        -0.6392523160509906,
        -0.2804844282165468
    ],
    "1.40": [
        -0.9405885663514999,
        -0.8751045569487508,
        -0.6522943388586568,
        -0.3415919894866272
    ],
    "1.50": [
        -0.9105522042839024,
        -0.8928457103701101,
        -0.6607274950297369,
        -0.3945371638267593
    ],
    "1.60": [
        -0.8814493684035787,
        -0.9006615427388587,
        -0.6643238399623632,
        -0.4376769671397633
    ],
    "1.70": [
        -0.8566010079914466,
        -0.9087155453058062,
        -0.6665337740093631,
        -0.47124976759884013
    ],
    "1.80": [
        -0.8283397130903452,
        -0.9153472223583359,
        -0.6688679342383699,
        -0.4980185000023389
    ],
    "1.90": [
        -0.8070707613237929,
        -0.9201422061095883,
        -0.6668630860242559,
        -0.523072765547357
    ],
    "2.00": [
        -0.7838833527435601,
        -0.9225419529455979,
        -0.6645307304302737,
        -0.5411251355833845
    ],
    "2.10": [
        -0.7643890864696613,
        -0.925737297565762,
        -0.661456946164503,
        -0.554490890877463
    ],
    "2.20": [
        -0.7454996175737649,
        -0.9281545351247191,
        -0.6584154140887633,
        -0.5688394763430611
    ],
    "2.30": [
        -0.7298057572466041,
        -0.929168846843569,
        -0.6596304145411036,
        -0.5788665246523019
    ],
    "2.40": [
        -0.7161047475640117,
        -0.9297154058835182,
        -0.652842522728893,
        -0.588216921112801
    ]
}